City_ID,City,Country,Date,Lat,Lng,Max Temp,Humidity,Cloudiness,Wind Speed,Current Description
0,Hermanus,ZA,2022-07-18 03:03:29,-34.4187,19.2345,47.8,82,5,6.46,clear sky
1,Atuona,PF,2022-07-18 03:03:30,-9.8,-139.0333,78.03,75,30,20.62,scattered clouds
2,Portsmouth,GB,2022-07-18 03:01:40,50.799,-1.0913,68.97,78,99,4.0,overcast clouds
3,Los Llanos De Aridane,ES,2022-07-18 03:03:31,28.6585,-17.9182,67.75,94,40,13.8,scattered clouds
4,Arraial Do Cabo,BR,2022-07-18 03:03:31,-22.9661,-42.0278,71.01,92,29,9.44,scattered clouds
5,Vestmanna,FO,2022-07-18 03:03:32,62.1564,-7.1664,49.12,93,100,12.66,overcast clouds
6,Charters Towers,AU,2022-07-18 03:00:38,-20.1,146.2667,73.29,44,2,9.01,clear sky
7,Airai,TL,2022-07-18 03:03:32,-8.9266,125.4092,69.17,50,13,3.71,few clouds
8,Tiksi,RU,2022-07-18 03:03:33,71.6872,128.8694,41.38,65,100,6.26,overcast clouds
9,Sao Filipe,CV,2022-07-18 03:03:33,14.8961,-24.4956,73.51,82,68,12.68,broken clouds
10,Avarua,CK,2022-07-18 03:03:34,-21.2078,-159.775,73.45,83,100,11.5,light rain
11,Ploemeur,FR,2022-07-18 03:03:34,47.7333,-3.4333,72.95,56,0,9.22,clear sky
12,Cidreira,BR,2022-07-18 03:03:35,-30.1811,-50.2056,50.02,78,0,3.36,clear sky
13,Namibe,AO,2022-07-18 03:03:35,-15.1961,12.1522,64.83,77,5,5.3,clear sky
14,Alyangula,AU,2022-07-18 03:03:36,-13.8483,136.4192,77.92,62,91,8.43,overcast clouds
15,Gotsu,JP,2022-07-18 03:03:36,35.0,132.2167,79.81,73,100,4.79,moderate rain
16,Ushuaia,AR,2022-07-18 02:59:06,-54.8,-68.3,37.06,81,75,18.41,broken clouds
17,Bambous Virieux,MU,2022-07-18 03:03:37,-20.3428,57.7575,68.22,72,58,18.41,light rain
18,Mahibadhoo,MV,2022-07-18 03:03:37,3.7833,72.9667,79.79,78,100,11.61,moderate rain
19,Bethel,US,2022-07-18 03:03:38,41.3712,-73.414,74.53,87,0,4.61,clear sky
20,Beira,MZ,2022-07-18 03:03:38,-19.8436,34.8389,64.85,89,24,10.18,few clouds
21,Punta Arenas,CL,2022-07-18 03:00:16,-53.15,-70.9167,33.12,80,8,14.2,clear sky
22,Georgetown,MY,2022-07-18 03:03:39,5.4112,100.3354,89.53,70,20,1.14,haze
23,Faya,SA,2022-07-18 03:03:39,18.3851,42.4509,61.32,28,48,6.24,scattered clouds
24,Uitenhage,ZA,2022-07-18 03:03:40,-33.7576,25.3971,60.64,49,2,3.67,clear sky
25,Cape Town,ZA,2022-07-18 03:03:40,-33.9258,18.4232,58.12,90,7,3.0,clear sky
26,Chicama,PE,2022-07-18 03:03:41,-7.8447,-79.1469,59.54,84,38,6.06,scattered clouds
27,George Town,MY,2022-07-18 03:02:34,5.4112,100.3354,89.53,70,20,1.14,haze
28,Ahipara,NZ,2022-07-18 03:03:41,-35.1667,173.1667,58.44,74,100,9.33,overcast clouds
29,Saskylakh,RU,2022-07-18 03:03:42,71.9167,114.0833,54.34,39,100,10.96,overcast clouds
30,Bredasdorp,ZA,2022-07-18 03:03:42,-34.5322,20.0403,51.22,88,2,3.71,clear sky
31,Talnakh,RU,2022-07-18 03:03:43,69.4865,88.3972,60.21,53,100,0.87,overcast clouds
32,Hobart,AU,2022-07-18 03:03:43,-42.8794,147.3294,44.26,71,75,18.41,broken clouds
33,Sitka,US,2022-07-18 03:03:44,57.0531,-135.33,57.09,88,100,5.75,mist
34,Bairiki,KI,2022-07-18 03:03:44,1.3292,172.9752,86.0,74,20,9.22,few clouds
35,Hithadhoo,MV,2022-07-18 03:03:45,-0.6,73.0833,82.62,71,100,16.64,overcast clouds
36,Riyadh,SA,2022-07-18 03:03:45,24.6877,46.7219,82.54,14,1,8.21,clear sky
37,Kavieng,PG,2022-07-18 03:03:46,-2.5744,150.7967,84.34,75,100,15.19,light rain
38,Nyurba,RU,2022-07-18 03:03:46,63.2842,118.3319,67.59,61,100,5.3,overcast clouds
39,Barrow,US,2022-07-18 03:00:05,71.2906,-156.7887,42.82,75,40,17.27,scattered clouds
40,Port Blair,IN,2022-07-18 02:59:29,11.6667,92.75,83.95,77,97,10.13,overcast clouds
41,New Norfolk,AU,2022-07-18 03:03:47,-42.7826,147.0587,43.92,77,80,1.99,broken clouds
42,Busselton,AU,2022-07-18 03:03:48,-33.65,115.3333,59.85,70,20,13.38,few clouds
43,Bluff,NZ,2022-07-18 03:03:48,-46.6,168.3333,53.8,85,98,23.11,light rain
44,Albany,US,2022-07-18 02:59:19,42.6001,-73.9662,76.78,74,100,3.83,overcast clouds
45,Berdigestyakh,RU,2022-07-18 03:03:49,62.0989,126.6992,88.02,45,9,4.54,clear sky
46,Pingyin,CN,2022-07-18 03:03:49,36.2831,116.4453,91.15,51,79,4.36,broken clouds
47,Puerto Berrio,CO,2022-07-18 03:00:16,6.4916,-74.4033,76.06,88,100,2.51,moderate rain
48,Norman Wells,CA,2022-07-18 03:04:50,65.282,-126.8329,67.91,61,100,4.88,overcast clouds
49,Khatanga,RU,2022-07-18 03:04:50,71.9667,102.5,60.89,56,100,3.33,overcast clouds
50,Ngunguru,NZ,2022-07-18 03:04:51,-35.6167,174.5,58.46,74,100,14.36,overcast clouds
51,Lebu,CL,2022-07-18 03:04:51,-37.6167,-73.65,47.21,68,99,7.0,overcast clouds
52,Rehoboth,NA,2022-07-18 03:04:52,-23.3167,17.0833,47.75,46,2,6.91,clear sky
53,Hambantota,LK,2022-07-18 03:04:53,6.1241,81.1185,82.74,89,20,6.91,few clouds
54,Port Elizabeth,ZA,2022-07-18 03:02:39,-33.918,25.5701,61.32,90,2,1.01,clear sky
55,Kurmanayevka,RU,2022-07-18 03:04:53,52.5093,52.0675,69.46,74,0,6.85,clear sky
56,East London,ZA,2022-07-18 03:04:54,-33.0153,27.9116,66.87,33,0,7.14,clear sky
57,Mataura,NZ,2022-07-18 03:04:54,-46.1927,168.8643,53.47,67,99,12.1,light rain
58,Luderitz,NA,2022-07-18 03:04:55,-26.6481,15.1594,61.43,54,2,6.44,clear sky
59,Rawson,AR,2022-07-18 03:04:55,-43.3002,-65.1023,45.79,52,8,26.64,clear sky
60,Dikson,RU,2022-07-18 03:04:55,73.5069,80.5464,44.24,76,96,7.76,overcast clouds
61,Puerto Ayora,EC,2022-07-18 03:04:57,-0.7393,-90.3518,68.56,93,67,5.99,broken clouds
62,Lavrentiya,RU,2022-07-18 03:04:57,65.5833,-171.0,35.06,77,98,26.24,light snow
63,Yellowknife,CA,2022-07-18 03:04:58,62.456,-114.3525,68.52,73,75,4.61,broken clouds
64,Port Alfred,ZA,2022-07-18 03:04:58,-33.5906,26.891,65.5,39,2,9.75,clear sky
65,Lata,PT,2022-07-18 03:04:59,40.1629,-8.3327,60.44,93,62,1.9,broken clouds
66,Sinnamary,GF,2022-07-18 03:04:59,5.3833,-52.95,77.41,85,35,7.52,scattered clouds
67,Ancud,CL,2022-07-18 03:05:00,-41.8697,-73.8203,40.23,73,9,5.91,clear sky
68,Las Cruces,US,2022-07-18 03:05:00,32.3123,-106.7783,93.38,21,0,8.01,clear sky
69,Rikitea,PF,2022-07-18 03:05:01,-23.1203,-134.9692,73.56,78,98,13.02,moderate rain
70,Galle,LK,2022-07-18 03:05:02,6.0367,80.217,81.86,78,78,13.11,broken clouds
71,Ribeira Grande,PT,2022-07-18 03:05:03,38.5167,-28.7,71.42,94,3,5.91,clear sky
72,Ritchie,ZA,2022-07-18 03:05:03,-29.038,24.6028,49.48,55,0,7.96,clear sky
73,Castro,BR,2022-07-18 03:01:15,-24.7911,-50.0119,60.49,96,100,6.8,overcast clouds
74,La Asuncion,VE,2022-07-18 03:05:04,11.0333,-63.8628,79.12,85,99,20.31,overcast clouds
75,Thompson,CA,2022-07-18 03:02:34,55.7435,-97.8558,69.93,52,99,5.01,overcast clouds
76,Srednekolymsk,RU,2022-07-18 03:05:05,67.45,153.6833,63.63,35,34,13.89,scattered clouds
77,Lagoa,PT,2022-07-18 03:05:05,39.05,-27.9833,70.02,94,0,9.69,clear sky
78,Mahebourg,MU,2022-07-18 03:05:06,-20.4081,57.7,68.25,74,61,18.32,light rain
79,San Patricio,US,2022-07-18 03:05:06,28.017,-97.5169,84.88,74,24,12.46,few clouds
80,Marystown,CA,2022-07-18 03:05:07,47.1666,-55.1483,60.85,100,98,1.01,overcast clouds
81,Erzin,TR,2022-07-18 03:05:07,36.9559,36.2,73.38,82,7,2.26,clear sky
82,Cherskiy,RU,2022-07-18 03:05:08,68.75,161.3,54.36,39,82,19.33,broken clouds
83,Izhma,RU,2022-07-18 03:05:08,65.0083,53.9113,67.57,75,1,2.28,clear sky
84,Huilong,CN,2022-07-18 03:05:09,31.8111,121.655,84.11,81,73,14.34,broken clouds
85,Tasiilaq,GL,2022-07-18 03:05:09,65.6145,-37.6368,41.16,83,97,3.8,overcast clouds
86,Mount Isa,AU,2022-07-18 03:05:10,-20.7333,139.5,76.77,31,0,5.75,clear sky
87,Pevek,RU,2022-07-18 03:05:11,69.7008,170.3133,32.25,89,99,22.79,overcast clouds
88,Ulagan,RU,2022-07-18 03:05:11,50.6321,87.9563,63.79,76,53,4.0,broken clouds
89,Meulaboh,ID,2022-07-18 03:05:12,4.1363,96.1285,83.17,67,8,0.58,clear sky
90,Ust-Maya,RU,2022-07-18 03:05:12,60.4167,134.5333,89.15,33,67,8.41,broken clouds
91,Korla,CN,2022-07-18 03:05:13,41.7597,86.1469,83.03,24,0,7.45,clear sky
92,Rocha,UY,2022-07-18 03:06:13,-34.4833,-54.3333,42.89,78,100,8.39,overcast clouds
93,Saint-Philippe,RE,2022-07-18 03:06:14,-21.3585,55.7679,65.79,85,74,21.54,light rain
94,Vanimo,PG,2022-07-18 03:06:14,-2.6741,141.3028,85.19,65,96,5.23,overcast clouds
95,Hasaki,JP,2022-07-18 03:05:57,35.7333,140.8333,88.29,80,100,1.99,overcast clouds
96,Sabla,NG,2022-07-18 03:06:15,12.7525,4.7077,77.34,80,100,8.99,light rain
97,Upernavik,GL,2022-07-18 03:06:15,72.7868,-56.1549,39.79,94,69,10.38,broken clouds
98,Morgan City,US,2022-07-18 03:06:16,29.6994,-91.2068,75.99,86,69,4.99,broken clouds
99,Verkhoyansk,RU,2022-07-18 03:06:16,67.5447,133.385,67.59,52,93,5.08,overcast clouds
100,Kapaa,US,2022-07-18 03:06:17,22.0752,-159.319,84.18,86,100,14.97,moderate rain
101,Polson,US,2022-07-18 03:06:18,47.6936,-114.1632,73.36,38,0,4.09,clear sky
102,Butaritari,KI,2022-07-18 03:06:18,3.0707,172.7902,82.47,72,10,14.54,clear sky
103,Finschhafen,PG,2022-07-18 03:06:19,-6.6024,147.8681,83.41,73,92,14.12,overcast clouds
104,Nikolskoye,RU,2022-07-18 03:06:19,59.7035,30.7861,55.87,97,95,4.88,overcast clouds
105,Port Hedland,AU,2022-07-18 03:06:20,-20.3167,118.5667,78.85,27,0,6.91,clear sky
106,Qazanbulaq,AZ,2022-07-18 03:06:20,40.6192,46.6519,78.82,42,0,3.76,clear sky
107,Port-Cartier,CA,2022-07-18 03:06:21,50.0334,-66.8654,62.74,67,100,4.07,overcast clouds
108,Baghdad,IQ,2022-07-18 03:06:21,33.3406,44.4009,78.71,34,0,4.61,clear sky
109,Vaini,TO,2022-07-18 03:06:21,-21.2,-175.2,77.16,88,20,13.8,few clouds
110,Rio Gallegos,AR,2022-07-18 03:01:38,-51.6226,-69.2181,28.53,82,7,14.92,clear sky
111,Villa Carlos Paz,AR,2022-07-18 03:06:23,-31.4241,-64.4978,52.9,28,74,17.0,broken clouds
112,Poum,NC,2022-07-18 03:06:23,-20.2333,164.0167,76.15,72,98,11.99,overcast clouds
113,Jamestown,US,2022-07-18 03:06:24,42.097,-79.2353,69.39,84,100,9.22,mist
114,Hami,CN,2022-07-18 03:06:24,42.8,93.45,89.56,16,60,5.41,broken clouds
115,Uthal,PK,2022-07-18 03:06:25,25.8072,66.6219,84.7,78,100,4.23,moderate rain
116,Qaanaaq,GL,2022-07-18 03:06:25,77.484,-69.3632,42.64,68,65,1.88,broken clouds
117,Nome,US,2022-07-18 03:06:26,64.5011,-165.4064,51.87,93,100,20.71,light rain
118,Ostrovnoy,RU,2022-07-18 03:06:26,68.0531,39.5131,58.12,71,99,9.04,overcast clouds
119,Acarau,BR,2022-07-18 03:06:27,-2.8856,-40.12,78.46,80,8,16.31,clear sky
120,Nioro,GM,2022-07-18 03:06:27,13.35,-15.75,79.68,68,100,8.63,overcast clouds
121,Ambon,ID,2022-07-18 03:06:28,-3.6954,128.1814,77.14,100,40,3.44,scattered clouds
122,Ovsyanka,RU,2022-07-18 03:06:28,55.9575,92.5519,60.22,80,98,11.99,light rain
123,Codrington,AU,2022-07-18 03:06:28,-38.2667,141.9667,50.0,69,100,11.41,overcast clouds
124,San Quintin,MX,2022-07-18 03:04:55,30.4833,-115.95,68.31,82,6,6.55,clear sky
125,Poya,NC,2022-07-18 03:06:29,-21.35,165.15,78.21,63,63,3.02,broken clouds
126,Tigil,RU,2022-07-18 03:06:30,57.8,158.6667,69.31,62,70,17.72,broken clouds
127,Tilaran,CR,2022-07-18 03:06:30,10.4703,-84.9671,74.07,86,100,6.87,overcast clouds
128,La Ronge,CA,2022-07-18 03:06:30,55.1001,-105.2842,66.85,54,88,4.74,overcast clouds
129,Touros,BR,2022-07-18 03:06:31,-5.1989,-35.4608,74.89,79,21,13.76,few clouds
130,Ponta Do Sol,PT,2022-07-18 03:06:31,32.6667,-17.1,71.01,82,15,6.26,few clouds
131,Portland,US,2022-07-18 03:01:58,45.5234,-122.6762,70.56,55,4,4.0,clear sky
132,Balaipungut,ID,2022-07-18 03:06:32,1.05,101.2833,88.65,63,22,1.95,few clouds
133,Awbari,LY,2022-07-18 03:06:33,26.5921,12.7805,75.78,22,0,8.37,clear sky
134,Bengkulu,ID,2022-07-18 03:06:34,-3.8004,102.2655,83.88,65,31,1.88,scattered clouds
135,Potoru,SL,2022-07-18 03:06:34,7.5072,-11.4786,72.93,98,100,3.18,light rain
136,Katsuura,JP,2022-07-18 03:07:35,35.1333,140.3,81.57,77,100,14.34,overcast clouds
137,Aguimes,ES,2022-07-18 03:07:35,27.9054,-15.4461,68.63,73,20,27.63,few clouds
138,Leningradskiy,RU,2022-07-18 03:07:36,69.3833,178.4167,32.95,93,98,21.09,light snow
139,Fomboni,KM,2022-07-18 03:07:36,-12.28,43.7425,76.51,74,61,24.2,light rain
140,Chifeng,CN,2022-07-18 03:07:05,42.2683,118.9636,79.16,42,22,17.2,few clouds
141,Sao Joao Da Barra,BR,2022-07-18 03:07:38,-21.6403,-41.0511,71.01,87,75,16.33,broken clouds
142,Faanui,PF,2022-07-18 03:07:38,-16.4833,-151.75,76.53,73,77,15.99,light rain
143,Hilo,US,2022-07-18 03:07:39,19.7297,-155.09,91.27,88,100,12.66,overcast clouds
144,Narsaq,GL,2022-07-18 03:07:39,60.9167,-46.05,44.82,81,55,0.78,broken clouds
145,Alofi,NU,2022-07-18 03:07:39,-19.0595,-169.9187,76.91,75,23,23.55,few clouds
146,Saint-Francois,FR,2022-07-18 03:07:40,46.4154,3.9054,54.84,94,0,2.3,clear sky
147,Clyde River,CA,2022-07-18 03:07:41,70.4692,-68.5914,37.56,79,1,5.01,clear sky
148,Haines Junction,CA,2022-07-18 03:07:42,60.7522,-137.5108,49.21,86,100,7.29,overcast clouds
149,Stornoway,GB,2022-07-18 03:07:42,58.2093,-6.3865,55.92,97,75,2.3,broken clouds
150,Tautira,PF,2022-07-18 03:07:43,-17.7333,-149.15,75.56,70,61,11.5,broken clouds
151,Guntakal,IN,2022-07-18 03:07:43,15.1667,77.3833,77.5,74,100,16.46,overcast clouds
152,Ilulissat,GL,2022-07-18 03:07:43,69.2167,-51.1,46.42,61,28,5.75,scattered clouds
153,Saint George,US,2022-07-18 03:07:44,37.1041,-113.5841,97.39,24,0,14.97,clear sky
154,Zorritos,PE,2022-07-18 03:07:44,-3.6805,-80.6782,70.09,78,71,5.68,broken clouds
155,Provideniya,RU,2022-07-18 03:07:45,64.3833,-173.3,41.36,70,75,20.13,broken clouds
156,Nola,IT,2022-07-18 03:07:45,40.922,14.5329,83.39,71,52,3.56,broken clouds
157,Sandakan,MY,2022-07-18 03:07:46,5.8402,118.1179,81.05,78,100,6.2,light rain
158,Sao Miguel Do Araguaia,BR,2022-07-18 03:07:47,-13.275,-50.1628,71.26,37,1,4.7,clear sky
159,Labuhan,ID,2022-07-18 03:07:47,-6.8844,112.2051,82.15,73,69,7.7,broken clouds
160,Pisco,PE,2022-07-18 03:07:48,-13.7,-76.2167,59.05,82,10,1.14,mist
161,Fortuna,US,2022-07-18 03:07:48,40.5982,-124.1573,61.93,75,2,1.99,clear sky
162,Vila Velha,BR,2022-07-18 03:07:48,-20.3297,-40.2925,73.35,88,0,5.75,clear sky
163,Farah,AF,2022-07-18 03:07:49,32.5,62.5,91.6,12,3,0.18,clear sky
164,Moundou,TD,2022-07-18 03:07:49,8.5667,16.0833,70.36,94,100,2.82,overcast clouds
165,Moerai,PF,2022-07-18 03:07:50,-22.4333,-151.3333,72.93,61,68,15.59,broken clouds
166,Vestmannaeyjar,IS,2022-07-18 03:07:50,63.4427,-20.2734,49.17,91,44,6.15,scattered clouds
167,Capelinha,BR,2022-07-18 03:07:51,-17.6914,-42.5158,55.36,86,40,3.49,scattered clouds
168,Sao Jose Da Coroa Grande,BR,2022-07-18 03:07:51,-8.8978,-35.1478,74.07,79,5,8.32,clear sky
169,Egvekinot,RU,2022-07-18 03:07:52,66.3167,-179.1667,40.6,39,100,32.75,overcast clouds
170,Sooke,CA,2022-07-18 03:07:52,48.3746,-123.7276,64.53,68,24,8.93,few clouds
171,Baykit,RU,2022-07-18 03:07:53,61.67,96.37,68.29,53,17,8.63,few clouds
172,Cananea,MX,2022-07-18 03:07:53,30.95,-110.3,75.94,57,52,6.58,broken clouds
173,Warman,CA,2022-07-18 03:05:19,52.3168,-106.5679,68.81,78,3,7.76,clear sky
174,Kruisfontein,ZA,2022-07-18 03:07:54,-34.0033,24.7314,55.89,73,1,2.24,clear sky
175,Labytnangi,RU,2022-07-18 03:07:54,66.6572,66.4183,67.78,51,51,4.88,broken clouds
176,Lundazi,ZM,2022-07-18 03:07:55,-12.2929,33.1782,54.68,83,1,9.04,clear sky
177,Victoria,HK,2022-07-18 03:07:55,22.2855,114.1577,91.96,78,100,15.99,overcast clouds
178,Myitkyina,MM,2022-07-18 03:03:45,25.3833,97.4,78.6,95,100,0.67,light rain
179,Lakatoro,VU,2022-07-18 03:07:56,-16.0999,167.4164,81.63,78,29,16.13,scattered clouds
180,Belyy Yar,RU,2022-07-18 03:07:58,53.6039,91.3903,71.49,46,0,15.66,clear sky
181,Skjervoy,NO,2022-07-18 03:07:58,70.0311,20.9714,50.0,87,100,7.81,overcast clouds
182,Alice Springs,AU,2022-07-18 03:07:59,-23.7,133.8833,71.15,12,7,16.11,clear sky
183,Harper,LR,2022-07-18 03:07:59,4.375,-7.7169,74.08,84,66,11.01,broken clouds
184,Itaituba,BR,2022-07-18 03:09:00,-4.2761,-55.9836,76.6,70,22,0.51,few clouds
185,Tuktoyaktuk,CA,2022-07-18 03:09:00,69.4541,-133.0374,59.31,62,100,14.32,overcast clouds
186,Ketchikan,US,2022-07-18 03:09:01,55.3422,-131.6461,54.07,100,100,9.22,light rain
187,Bihariganj,IN,2022-07-18 03:09:01,25.7333,86.9833,89.83,60,12,12.77,few clouds
188,The Pas,CA,2022-07-18 03:09:02,53.8251,-101.2541,67.24,67,55,4.79,broken clouds
189,Sayville,US,2022-07-18 03:07:41,40.7359,-73.0821,77.29,92,75,5.75,broken clouds
190,Bud,US,2022-07-18 03:09:03,39.447,-86.1758,69.98,98,94,7.07,overcast clouds
191,Longyearbyen,SJ,2022-07-18 03:09:04,78.2186,15.6401,57.04,67,20,23.02,few clouds
192,Lishui,CN,2022-07-18 03:09:04,28.4604,119.9103,84.13,82,100,1.92,overcast clouds
193,Karlskrona,SE,2022-07-18 03:09:05,56.1616,15.5866,59.45,90,100,10.89,light rain
194,Spasskoye,RU,2022-07-18 03:09:05,44.6108,132.7969,65.8,91,100,4.92,overcast clouds
195,Katherine,AU,2022-07-18 03:09:06,-14.4667,132.2667,82.72,34,6,13.8,clear sky
196,Teahupoo,PF,2022-07-18 03:09:06,-17.8333,-149.2667,75.16,68,59,10.54,broken clouds
197,Hualmay,PE,2022-07-18 03:09:07,-11.0964,-77.6139,61.63,85,50,8.59,scattered clouds
198,Skibbereen,IE,2022-07-18 03:09:07,51.55,-9.2667,65.1,90,11,4.92,few clouds
199,Mar Del Plata,AR,2022-07-18 03:08:06,-38.0023,-57.5575,51.1,58,0,6.91,clear sky
200,Tagusao,PH,2022-07-18 03:09:08,9.1924,117.8141,81.1,79,100,5.55,light rain
201,Nouadhibou,MR,2022-07-18 03:09:09,20.931,-17.0347,70.34,79,93,22.08,overcast clouds
202,Cabo San Lucas,MX,2022-07-18 03:09:09,22.8909,-109.9124,87.1,60,40,4.61,scattered clouds
203,Honggang,CN,2022-07-18 03:05:20,46.4667,124.8667,78.91,57,52,5.3,broken clouds
204,Huarmey,PE,2022-07-18 03:09:10,-10.0681,-78.1522,62.51,84,43,9.24,scattered clouds
205,Jiuquan,CN,2022-07-18 03:09:10,39.7432,98.5174,78.69,21,100,12.97,overcast clouds
206,Hunucma,MX,2022-07-18 03:09:11,21.0167,-89.8667,83.08,78,4,7.27,clear sky
207,Irati,BR,2022-07-18 03:09:11,-25.4672,-50.6511,51.55,80,100,2.46,overcast clouds
208,Lompoc,US,2022-07-18 03:09:12,34.6391,-120.4579,77.14,86,0,8.05,mist
209,Teya,RU,2022-07-18 03:09:13,60.3778,92.6267,60.33,86,100,10.71,light rain
210,Arua,UG,2022-07-18 03:09:13,3.0201,30.9111,61.11,93,39,2.33,light rain
211,Chokurdakh,RU,2022-07-18 03:09:13,70.6333,147.9167,58.89,37,46,15.86,scattered clouds
212,Rincon,US,2022-07-18 03:04:35,32.296,-81.2354,79.86,83,40,3.44,scattered clouds
213,Seybaplaya,MX,2022-07-18 03:09:14,19.65,-90.6667,83.66,70,100,11.97,overcast clouds
214,Pec,XK,2022-07-18 03:09:15,42.6591,20.2883,57.58,61,0,5.46,clear sky
215,Gavle,SE,2022-07-18 03:09:15,60.6745,17.1417,51.93,79,100,1.01,overcast clouds
216,Klaksvik,FO,2022-07-18 03:09:16,62.2266,-6.589,50.92,87,55,16.98,broken clouds
217,Anadyr,RU,2022-07-18 03:09:16,64.75,177.4833,50.5,34,0,26.84,clear sky
218,Vallenar,CL,2022-07-18 03:09:17,-28.5708,-70.7581,59.29,29,0,2.51,clear sky
219,Kamaishi,JP,2022-07-18 03:09:17,39.2667,141.8833,78.46,73,34,2.39,scattered clouds
220,Sturgeon Falls,CA,2022-07-18 03:09:18,46.3646,-79.9326,74.08,79,0,2.82,clear sky
221,Ubinskoye,RU,2022-07-18 03:09:19,55.3068,79.6802,61.9,74,36,10.4,light rain
222,Madang,PG,2022-07-18 03:09:19,-5.2246,145.7966,87.69,64,71,7.07,broken clouds
223,Naron,ES,2022-07-18 03:09:20,43.5167,-8.1528,63.45,86,96,2.84,overcast clouds
224,Namtsy,RU,2022-07-18 03:09:20,62.7161,129.6658,89.6,37,10,7.34,clear sky
225,Verkhnyaya Inta,RU,2022-07-18 03:09:21,65.9811,60.3094,67.51,69,39,4.5,scattered clouds
226,Williamsport,US,2022-07-18 03:08:01,41.2412,-77.0011,71.62,89,75,0.0,moderate rain
227,San Pedro,PH,2022-07-18 03:09:21,14.35,121.0167,84.34,80,79,2.66,broken clouds
228,Constitucion,CL,2022-07-18 03:10:22,-35.3333,-72.4167,48.63,88,100,5.14,overcast clouds
229,Porto Empedocle,IT,2022-07-18 03:10:22,37.2934,13.5264,78.26,56,0,3.65,clear sky
230,Beloha,MG,2022-07-18 03:07:21,-25.1667,45.05,62.38,81,0,10.04,clear sky
231,Port Hardy,CA,2022-07-18 03:10:23,50.6996,-127.4199,57.88,80,61,13.13,broken clouds
232,Mayo,US,2022-07-18 03:10:23,38.8876,-76.5119,80.55,88,0,0.0,clear sky
233,Cap Malheureux,MU,2022-07-18 03:10:24,-19.9842,57.6142,69.48,69,42,10.0,scattered clouds
234,Houma,US,2022-07-18 03:10:01,29.5958,-90.7195,79.0,91,0,4.61,clear sky
235,Xining,CN,2022-07-18 03:10:24,36.6167,101.7667,54.32,94,100,0.31,overcast clouds
236,Ambulu,ID,2022-07-18 03:10:25,-8.345,113.6058,81.52,72,67,7.18,broken clouds
237,Kargil,IN,2022-07-18 03:10:26,34.5667,76.1,62.58,48,5,2.59,clear sky
238,Nizwa,OM,2022-07-18 03:10:27,22.9333,57.5333,83.08,63,98,3.24,overcast clouds
239,San Gabriel,US,2022-07-18 03:10:27,34.0961,-118.1058,86.65,61,0,11.5,clear sky
240,Tutoia,BR,2022-07-18 03:10:28,-2.7619,-42.2744,77.88,86,5,12.37,clear sky
241,Capao Da Canoa,BR,2022-07-18 03:10:28,-29.7456,-50.0097,51.15,81,0,3.4,clear sky
242,Yairipok,IN,2022-07-18 03:10:29,24.6667,94.0667,76.77,86,87,3.24,overcast clouds
243,Muisne,EC,2022-07-18 03:10:30,0.6,-80.0333,73.85,90,100,8.57,light rain
244,Viesca,MX,2022-07-18 03:10:30,25.35,-102.8,89.69,23,22,14.16,few clouds
245,Lewiston,US,2022-07-18 03:08:02,44.1003,-70.2148,71.46,82,0,0.0,clear sky
246,Taltal,CL,2022-07-18 03:10:31,-25.4,-70.4833,58.17,70,0,2.66,clear sky
247,Vrangel,RU,2022-07-18 03:10:31,42.7297,133.0839,66.11,80,98,11.92,overcast clouds
248,Deputatskiy,RU,2022-07-18 03:10:32,69.3,139.9,63.37,39,51,2.28,broken clouds
249,Thinadhoo,MV,2022-07-18 03:10:32,0.5333,72.9333,77.23,82,100,21.74,overcast clouds
250,Puerto Leguizamo,CO,2022-07-18 03:10:33,-0.1934,-74.7819,71.04,99,100,1.25,overcast clouds
251,Horizontina,BR,2022-07-18 03:10:33,-27.6258,-54.3078,43.65,92,0,3.89,clear sky
252,Storforshei,NO,2022-07-18 03:10:34,66.4043,14.5233,49.66,93,100,2.3,overcast clouds
253,Bani Walid,LY,2022-07-18 03:10:34,31.7566,13.9942,68.38,82,0,1.14,clear sky
254,Souillac,MU,2022-07-18 03:10:35,-20.5167,57.5167,68.67,78,64,16.55,light rain
255,Kieta,PG,2022-07-18 03:10:35,-6.2167,155.6333,86.04,57,10,6.26,clear sky
256,Nelson Bay,AU,2022-07-18 03:08:51,-32.7167,152.15,64.99,53,1,13.0,clear sky
257,Sola,VU,2022-07-18 03:10:36,-13.8833,167.55,80.26,80,28,19.62,scattered clouds
258,Vernon,CA,2022-07-18 03:07:10,50.2581,-119.2691,69.22,75,72,6.13,broken clouds
259,Biltine,TD,2022-07-18 03:10:36,14.5333,20.9167,75.69,79,91,6.15,overcast clouds
260,Barranca,PE,2022-07-18 03:10:37,-10.75,-77.7667,61.36,83,53,7.11,broken clouds
261,Altamira,BR,2022-07-18 03:10:37,-3.2033,-52.2064,76.37,71,68,1.5,broken clouds
262,Yakeshi,CN,2022-07-18 03:10:38,49.2833,120.7333,69.82,76,99,7.16,overcast clouds
263,Wenatchee,US,2022-07-18 03:10:38,47.4235,-120.3103,74.25,36,0,24.16,clear sky
264,Port Hawkesbury,CA,2022-07-18 03:10:39,45.6169,-61.3485,68.59,83,48,4.0,scattered clouds
265,Vao,NC,2022-07-18 03:10:39,-22.6667,167.4833,72.61,79,48,16.33,scattered clouds
266,Hutchinson,US,2022-07-18 03:06:18,38.0608,-97.9298,82.04,64,0,4.61,clear sky
267,Kununurra,AU,2022-07-18 03:10:40,-15.7667,128.7333,82.38,32,38,8.05,scattered clouds
268,Kahuta,PK,2022-07-18 03:10:40,33.5913,73.3868,83.84,57,36,0.72,scattered clouds
269,Pionerskiy,RU,2022-07-18 03:10:41,54.9508,20.2275,55.24,85,100,16.64,overcast clouds
270,Makuyuni,TZ,2022-07-18 03:10:41,-4.7333,38.1,62.01,94,31,3.31,scattered clouds
271,Hobyo,SO,2022-07-18 03:10:42,5.3505,48.5268,75.47,80,82,25.19,broken clouds
272,Severo-Kurilsk,RU,2022-07-18 03:10:42,50.6789,156.125,56.8,92,100,0.69,overcast clouds
273,Sompeta,IN,2022-07-18 03:10:43,18.9333,84.6,83.26,80,73,9.98,broken clouds
274,Geraldton,AU,2022-07-18 03:10:44,-28.7667,114.6,64.81,77,42,6.91,scattered clouds
275,Chuy,UY,2022-07-18 03:07:58,-33.6971,-53.4616,42.17,85,67,7.18,broken clouds
276,Kaduqli,SD,2022-07-18 03:11:45,11.0167,29.7167,73.36,78,98,3.42,overcast clouds
277,Asau,RO,2022-07-18 03:11:45,46.4333,26.4,51.28,74,14,4.34,few clouds
278,Takoradi,GH,2022-07-18 03:11:45,4.8845,-1.7554,74.39,82,91,8.16,overcast clouds
279,Capitao Poco,BR,2022-07-18 03:11:46,-1.7464,-47.0594,74.32,93,100,3.36,overcast clouds
280,Paldiski,EE,2022-07-18 03:11:47,59.3567,24.0531,57.45,93,0,2.3,clear sky
281,Matehuala,MX,2022-07-18 03:11:47,23.65,-100.65,69.82,60,35,13.87,scattered clouds
282,San Carlos De Bariloche,AR,2022-07-18 03:07:26,-41.1456,-71.3082,24.3,89,35,7.14,scattered clouds
283,Shahr-E Kord,IR,2022-07-18 03:11:48,32.3256,50.8644,70.32,16,0,2.68,clear sky
284,Ust-Kuyga,RU,2022-07-18 03:11:48,70.0167,135.6,61.39,38,100,2.1,overcast clouds
285,Carnarvon,AU,2022-07-18 03:11:48,-24.8667,113.6333,69.96,58,33,12.66,scattered clouds
286,Maceio,BR,2022-07-18 03:11:49,-9.6658,-35.7353,72.84,94,0,4.61,clear sky
287,Gizo,SB,2022-07-18 03:11:49,-8.103,156.8419,84.97,62,7,4.43,clear sky
288,Grand-Lahou,CI,2022-07-18 03:11:50,5.1367,-5.0242,74.95,83,98,12.17,overcast clouds
289,Iwanai,JP,2022-07-18 03:11:50,42.9744,140.5089,69.53,81,100,4.72,overcast clouds
290,Miramar,US,2022-07-18 03:11:51,25.9873,-80.2323,85.01,82,0,9.22,clear sky
291,Conceicao Da Barra,BR,2022-07-18 03:11:51,-18.5933,-39.7322,70.7,89,56,5.5,broken clouds
292,Greenville,US,2022-07-18 03:07:46,35.6127,-77.3663,78.96,87,0,6.91,clear sky
293,Tori Fatehpur,IN,2022-07-18 03:11:52,25.45,79.1333,92.71,50,10,14.03,clear sky
294,Bashtanka,UA,2022-07-18 03:11:52,47.4072,32.4387,52.61,72,0,8.43,clear sky
295,Brae,GB,2022-07-18 03:11:53,60.3964,-1.353,53.37,89,92,9.37,overcast clouds
296,Bowen,AU,2022-07-18 03:11:53,-20.0167,148.2333,72.55,60,0,8.3,clear sky
297,Nushki,PK,2022-07-18 03:11:54,29.5542,66.0215,87.39,41,64,4.36,broken clouds
298,Salalah,OM,2022-07-18 03:11:54,17.0151,54.0924,77.09,94,100,6.91,light intensity drizzle
299,Yerbogachen,RU,2022-07-18 03:11:54,61.2767,108.0108,71.4,49,99,3.06,overcast clouds
300,Beringovskiy,RU,2022-07-18 03:11:55,63.05,179.3167,50.41,42,4,17.25,clear sky
301,Arinos,BR,2022-07-18 03:11:55,-15.9169,-46.1056,65.28,54,8,0.94,clear sky
302,Sumbe,AO,2022-07-18 03:11:56,-11.2061,13.8437,68.88,86,100,2.35,overcast clouds
303,Coihaique,CL,2022-07-18 03:11:56,-45.5752,-72.0662,35.55,64,100,3.44,overcast clouds
304,Kenai,US,2022-07-18 03:08:08,60.5544,-151.2583,59.09,83,0,24.16,clear sky
305,Cabatuan,PH,2022-07-18 03:11:57,10.8794,122.486,75.74,96,100,5.17,moderate rain
306,Magadan,RU,2022-07-18 03:11:57,59.5667,150.8,74.53,84,78,7.25,broken clouds
307,Urumqi,CN,2022-07-18 03:11:58,43.801,87.6005,90.55,13,20,8.95,few clouds
308,Egersund,NO,2022-07-18 03:11:58,58.4513,5.9997,60.08,97,100,5.5,overcast clouds
309,Tessalit,ML,2022-07-18 03:11:59,20.1986,1.0114,89.42,37,94,9.6,overcast clouds
310,Hamilton,US,2022-07-18 03:11:59,39.1834,-84.5333,74.19,95,100,9.22,light rain
311,Bemidji,US,2022-07-18 03:10:06,47.4736,-94.8803,77.56,84,0,5.75,clear sky
312,Palana,RU,2022-07-18 03:12:00,59.1167,159.9667,48.85,94,100,13.56,overcast clouds
313,Porecatu,BR,2022-07-18 03:12:00,-22.7558,-51.3792,64.27,61,100,3.27,overcast clouds
314,Gazli,UZ,2022-07-18 03:12:01,40.1333,63.45,90.68,17,0,20.89,clear sky
315,Angoche,MZ,2022-07-18 03:12:01,-16.2325,39.9086,66.49,91,6,5.88,clear sky
316,Honningsvag,NO,2022-07-18 03:12:02,70.9821,25.9704,51.55,87,100,5.75,light rain
317,Karla,EE,2022-07-18 03:12:02,59.3723,24.9275,59.58,68,20,4.61,few clouds
318,College,US,2022-07-18 03:10:16,64.8569,-147.8028,66.18,69,75,9.22,light rain
319,Nalut,LY,2022-07-18 03:12:03,30.3333,10.85,76.84,32,0,13.69,clear sky
320,Mount Darwin,ZW,2022-07-18 03:12:03,-16.7725,31.5838,49.96,90,21,3.22,few clouds
321,Inhambane,MZ,2022-07-18 03:12:04,-23.865,35.3833,67.3,90,23,6.35,light rain
322,Arman,RU,2022-07-18 03:12:05,59.7,150.1667,75.02,79,58,8.14,broken clouds
323,Sayyan,YE,2022-07-18 03:13:05,15.1718,44.3244,63.0,46,98,4.74,overcast clouds
324,Emilio Carranza,MX,2022-07-18 03:13:05,19.9711,-96.6114,78.96,81,76,4.41,broken clouds
325,Nantucket,US,2022-07-18 03:13:06,41.2835,-70.0995,75.31,94,100,4.61,fog
326,Puerto Madryn,AR,2022-07-18 03:10:37,-42.7692,-65.0385,45.36,56,0,21.79,clear sky
327,Hokitika,NZ,2022-07-18 03:13:07,-42.7167,170.9667,55.65,86,100,26.37,light rain
328,Karratha,AU,2022-07-18 03:13:08,-20.7377,116.8463,75.7,32,2,4.45,clear sky
329,Dingle,PH,2022-07-18 03:10:28,10.9995,122.6711,76.77,94,100,6.04,moderate rain
330,Acajutla,SV,2022-07-18 03:13:08,13.5928,-89.8275,79.72,82,8,4.07,clear sky
331,Aklavik,CA,2022-07-18 03:13:09,68.2191,-135.0107,73.47,40,97,9.22,overcast clouds
332,Helsingborg,SE,2022-07-18 03:13:09,56.0467,12.6944,62.65,91,65,10.4,broken clouds
333,Ahmadpur Sial,PK,2022-07-18 03:13:10,30.6754,71.7483,88.5,61,10,5.91,clear sky
334,Camargo,MX,2022-07-18 03:13:11,27.6667,-105.1667,89.83,25,69,5.39,broken clouds
335,Waipawa,NZ,2022-07-18 03:13:11,-41.4122,175.5153,51.96,73,85,18.14,overcast clouds
336,Weiser,US,2022-07-18 03:11:04,44.251,-116.9693,97.0,46,2,1.01,clear sky
337,Necochea,AR,2022-07-18 03:13:12,-38.5473,-58.7368,53.67,38,100,20.42,overcast clouds
338,Bedum,NL,2022-07-18 03:13:12,53.3008,6.6028,59.99,88,99,7.72,overcast clouds
339,San Cristobal,VE,2022-07-18 03:13:13,7.7669,-72.225,69.98,98,40,2.68,scattered clouds
340,Isangel,VU,2022-07-18 03:13:13,-19.55,169.2667,77.63,82,20,15.43,few clouds
341,Santiago,CL,2022-07-18 03:12:16,-33.4569,-70.6483,54.99,59,75,6.91,broken clouds
342,Ginda,IN,2022-07-18 03:13:14,30.6945,78.4932,74.16,77,11,4.03,few clouds
343,Leninskoye,KZ,2022-07-18 03:13:14,41.7589,69.3864,90.34,11,0,2.04,clear sky
344,Bacolod,PH,2022-07-18 03:13:15,10.6667,122.95,76.87,94,100,7.92,overcast clouds
345,Whitehorse,CA,2022-07-18 03:13:15,60.7161,-135.0538,52.09,76,99,11.48,overcast clouds
346,Sopelana,ES,2022-07-18 03:13:16,43.3789,-2.9831,77.07,71,0,4.61,clear sky
347,Nanortalik,GL,2022-07-18 03:03:29,60.1432,-45.2371,41.56,93,42,8.48,scattered clouds
348,Makakilo City,US,2022-07-18 03:10:18,21.3469,-158.0858,84.52,60,75,20.71,broken clouds
349,Muscat,OM,2022-07-18 03:13:17,23.6139,58.5922,87.82,67,100,9.26,light rain
350,Flin Flon,CA,2022-07-18 03:13:17,54.7682,-101.865,68.63,58,87,4.07,overcast clouds
351,Bubaque,GW,2022-07-18 03:13:17,11.2833,-15.8333,80.37,83,100,10.89,overcast clouds
352,Flinders,AU,2022-07-18 03:13:18,-34.5833,150.8552,61.18,44,1,5.99,clear sky
353,Bafoulabe,ML,2022-07-18 03:13:18,13.8065,-10.8321,74.23,89,100,7.99,overcast clouds
354,Adrar,MR,2022-07-18 03:13:19,20.5022,-10.0711,91.67,24,20,8.97,few clouds
355,Malangali,TZ,2022-07-18 03:13:21,-8.5667,34.85,55.44,70,20,11.1,few clouds
356,Dharchula,IN,2022-07-18 03:13:21,29.85,80.5333,78.17,84,68,3.33,broken clouds
357,Sungaipenuh,ID,2022-07-18 03:13:22,-2.0833,101.3833,79.41,57,49,1.32,scattered clouds
358,Visakhapatnam,IN,2022-07-18 03:13:22,17.69,83.2093,80.49,94,75,8.05,mist
359,Jaciara,BR,2022-07-18 03:13:23,-15.9653,-54.9683,68.36,67,5,2.82,clear sky
360,Shenjiamen,CN,2022-07-18 03:13:23,29.9576,122.298,78.69,93,100,7.18,overcast clouds
361,Seidu,SL,2022-07-18 03:13:24,9.0167,-10.6,69.01,100,100,3.47,moderate rain
362,Maragogi,BR,2022-07-18 03:13:24,-9.0122,-35.2225,73.6,80,5,8.16,clear sky
363,Cayenne,GF,2022-07-18 03:12:31,4.9333,-52.3333,82.09,1,0,0.0,clear sky
364,Buraydah,SA,2022-07-18 03:13:25,26.326,43.975,85.03,13,49,8.97,scattered clouds
365,Waingapu,ID,2022-07-18 03:13:25,-9.6567,120.2641,83.44,56,81,11.88,broken clouds
366,Papetoai,PF,2022-07-18 03:13:26,-17.4961,-149.8729,80.19,63,14,11.79,few clouds
367,Vaxjo,SE,2022-07-18 03:14:26,56.8777,14.8091,59.05,100,100,5.75,overcast clouds
368,Saint-Augustin,CA,2022-07-18 03:14:27,51.226,-58.6502,58.41,94,99,8.1,overcast clouds
369,Inta,RU,2022-07-18 03:14:27,66.0317,60.1659,67.96,70,16,5.12,few clouds
370,Tanggu,CN,2022-07-18 03:14:28,39.0211,117.6469,89.56,58,42,4.29,scattered clouds
371,Tuatapere,NZ,2022-07-18 03:14:28,-46.1333,167.6833,52.25,94,100,5.37,light rain
372,Olafsvik,IS,2022-07-18 03:14:29,64.8945,-23.7142,50.13,84,93,7.49,overcast clouds
373,Mandiana,GN,2022-07-18 03:14:29,10.6333,-8.6833,71.64,97,96,7.61,light rain
374,Severomuysk,RU,2022-07-18 03:14:30,56.1481,113.4267,60.35,59,87,1.86,light rain
375,Sorland,NO,2022-07-18 03:14:30,67.667,12.6934,51.66,86,97,15.93,overcast clouds
376,Weligama,LK,2022-07-18 03:14:31,5.9667,80.4167,82.51,75,72,12.3,broken clouds
377,Outjo,NA,2022-07-18 03:14:31,-20.1167,16.15,50.2,40,0,9.91,clear sky
378,Hwange,ZW,2022-07-18 03:14:31,-18.3693,26.5019,52.99,71,2,2.35,clear sky
379,Kokstad,ZA,2022-07-18 03:14:32,-30.5472,29.4241,46.24,30,0,5.01,clear sky
380,Ohara,JP,2022-07-18 03:14:32,35.25,140.3833,81.7,76,100,10.83,overcast clouds
381,Nabire,ID,2022-07-18 03:10:27,-3.3667,135.4833,84.76,67,38,3.89,scattered clouds
382,Sibu,MY,2022-07-18 03:11:36,2.3,111.8167,88.99,53,100,1.83,overcast clouds
383,Kirakira,SB,2022-07-18 03:14:33,-10.4544,161.9205,83.79,73,34,9.66,scattered clouds
384,Vostok,RU,2022-07-18 03:14:34,46.4856,135.8833,64.06,83,100,2.8,overcast clouds
385,Oktyabrskiy,RU,2022-07-18 03:14:35,54.4815,53.471,67.82,81,10,2.3,clear sky
386,Kenitra,MA,2022-07-18 03:14:35,34.261,-6.5802,74.16,91,48,5.32,scattered clouds
387,Dongsheng,CN,2022-07-18 03:14:36,39.8161,109.9776,77.59,24,96,4.59,overcast clouds
388,Pouebo,NC,2022-07-18 03:14:36,-20.4,164.5667,77.41,66,83,11.48,broken clouds
389,Maraa,BR,2022-07-18 03:14:37,-1.8333,-65.3667,77.13,85,96,0.51,overcast clouds
390,El Cobre,CU,2022-07-18 03:14:37,20.0489,-75.9469,83.64,84,20,3.44,few clouds
391,Praya,CV,2022-07-18 03:14:38,14.9215,-23.5087,73.94,73,20,8.05,few clouds
392,Vondrozo,MG,2022-07-18 03:14:38,-22.8167,47.2833,57.43,97,84,0.65,broken clouds
393,Chumikan,RU,2022-07-18 03:14:41,54.7183,135.315,55.83,89,100,11.45,overcast clouds
394,Quila,MX,2022-07-18 03:14:44,24.4228,-107.22,85.86,72,10,4.43,clear sky
395,Bathsheba,BB,2022-07-18 03:14:45,13.2167,-59.5167,81.21,86,20,21.85,few clouds
396,Todos Santos,MX,2022-07-18 03:14:47,23.45,-110.2167,88.05,87,20,3.06,few clouds
397,Zhangjiakou,CN,2022-07-18 03:14:59,40.81,114.8794,82.27,25,4,9.86,clear sky
398,Sukhobezvodnoye,RU,2022-07-18 03:15:02,57.0491,44.8891,60.71,83,100,4.21,overcast clouds
399,Ixtapa,MX,2022-07-18 03:15:10,20.7,-105.2,77.23,100,75,10.36,broken clouds
400,Luangwa,ZM,2022-07-18 03:15:39,-15.6167,30.4167,56.3,87,1,1.43,clear sky
401,Grand Gaube,MU,2022-07-18 03:15:43,-20.0064,57.6608,70.2,70,46,11.01,scattered clouds
402,Taoudenni,ML,2022-07-18 03:15:44,22.6783,-3.9836,96.12,8,56,3.89,broken clouds
403,Carauari,BR,2022-07-18 03:15:44,-4.8828,-66.8958,74.43,92,76,2.75,broken clouds
404,Marawi,PH,2022-07-18 03:15:45,7.9986,124.2928,74.95,88,100,2.44,overcast clouds
405,Rockland,US,2022-07-18 03:15:45,41.1668,-74.0496,77.85,87,100,2.24,overcast clouds
406,Muzhi,RU,2022-07-18 03:15:45,65.3667,64.6667,67.95,53,98,2.64,overcast clouds
407,Gat,IL,2022-07-18 03:15:46,31.61,34.7642,75.88,100,0,2.04,clear sky
408,Riverton,US,2022-07-18 03:15:18,40.5219,-111.9391,81.64,48,40,8.99,scattered clouds
409,Kargasok,RU,2022-07-18 03:15:46,59.0556,80.8572,62.1,68,37,13.73,scattered clouds
410,Peniche,PT,2022-07-18 03:15:47,39.3558,-9.3811,65.28,87,0,5.3,clear sky
411,Svetlyy,RU,2022-07-18 03:15:47,54.675,20.1347,55.45,90,100,12.06,overcast clouds
412,Bilibino,RU,2022-07-18 03:16:48,68.0546,166.4372,41.86,58,98,22.01,overcast clouds
413,Semey,KZ,2022-07-18 03:16:49,50.4111,80.2275,68.22,49,0,11.18,clear sky
414,Karasjok,NO,2022-07-18 03:16:49,69.4719,25.5112,51.22,92,69,6.38,broken clouds
415,Axim,GH,2022-07-18 03:16:49,4.8699,-2.2405,74.28,81,72,8.84,broken clouds
416,Novo Aripuana,BR,2022-07-18 03:16:50,-5.1206,-60.3797,79.56,65,82,2.08,broken clouds
417,Ponta Delgada,PT,2022-07-18 03:16:51,37.7333,-25.6667,74.5,94,75,3.44,broken clouds
418,Bilma,NE,2022-07-18 03:16:51,18.6853,12.9164,85.46,47,25,8.93,scattered clouds
419,Antalaha,MG,2022-07-18 03:16:52,-14.9003,50.2788,65.61,90,20,7.96,light rain
420,Algiers,DZ,2022-07-18 03:16:52,36.7525,3.042,66.02,83,20,2.3,few clouds
421,Kodiak,US,2022-07-18 03:16:53,57.79,-152.4072,65.71,52,40,10.36,scattered clouds
422,Belmonte,BR,2022-07-18 03:16:53,-15.8631,-38.8828,72.14,87,50,9.08,scattered clouds
423,Alexandria,EG,2022-07-18 03:16:54,31.2156,29.9553,76.77,82,0,7.61,clear sky
424,Sisimiut,GL,2022-07-18 03:16:55,66.9395,-53.6735,45.43,78,100,3.58,overcast clouds
425,Saint-Georges,GD,2022-07-18 03:13:16,12.0564,-61.7485,79.86,81,91,18.45,overcast clouds
426,Otautau,NZ,2022-07-18 03:16:55,-46.15,168.0,53.44,91,100,5.03,light rain
427,Capreol,CA,2022-07-18 03:16:56,46.706,-80.9225,68.47,68,0,5.75,clear sky
428,Warah,PK,2022-07-18 03:16:56,27.4481,67.7978,87.46,69,95,10.2,overcast clouds
429,Grand Baie,MU,2022-07-18 03:16:57,-20.0182,57.5802,70.27,70,40,11.01,scattered clouds
430,Rio Grande,BR,2022-07-18 03:16:57,-32.035,-52.0986,38.95,83,0,6.46,clear sky
431,Simi,SL,2022-07-18 03:16:58,9.5667,-12.35,73.31,99,100,2.86,heavy intensity rain
432,Vicuna,CL,2022-07-18 03:12:56,-30.0319,-70.7081,44.33,27,72,8.9,broken clouds
433,Mpika,ZM,2022-07-18 03:16:59,-11.8343,31.4529,48.4,85,3,7.9,clear sky
434,Santa Rosa,PH,2022-07-18 03:15:41,14.3122,121.1114,86.09,81,88,1.79,overcast clouds
435,Praia,CV,2022-07-18 03:16:59,14.9215,-23.5087,73.94,73,20,8.05,few clouds
436,Chernyshevskiy,RU,2022-07-18 03:17:00,63.0128,112.4714,64.67,55,100,6.17,overcast clouds
437,Nuuk,GL,2022-07-18 03:17:00,64.1835,-51.7216,50.61,66,75,13.8,broken clouds
438,Sicuani,PE,2022-07-18 03:17:01,-14.2694,-71.2261,44.35,66,40,3.85,scattered clouds
439,Aykhal,RU,2022-07-18 03:17:01,66.0,111.5,52.59,89,100,5.75,overcast clouds
440,Ust-Ishim,RU,2022-07-18 03:17:02,57.6935,71.1665,68.54,55,31,4.81,scattered clouds
441,Vanavara,RU,2022-07-18 03:17:02,60.34,102.2797,68.5,52,56,4.79,broken clouds
442,Kurovskoye,RU,2022-07-18 03:17:03,55.5783,38.9108,57.09,92,100,6.62,light rain
443,Dunedin,NZ,2022-07-18 03:15:13,-45.8742,170.5036,57.52,63,94,10.71,overcast clouds
444,Cururupu,BR,2022-07-18 03:17:04,-1.8283,-44.8683,73.8,96,23,3.56,few clouds
445,Batemans Bay,AU,2022-07-18 03:17:04,-35.7167,150.1833,56.1,34,6,5.68,clear sky
446,Bandarbeyla,SO,2022-07-18 03:17:05,9.4942,50.8122,78.96,60,100,31.5,overcast clouds
447,Mlawa,PL,2022-07-18 03:17:05,53.1128,20.3841,49.53,87,88,6.67,overcast clouds
448,Kupang,ID,2022-07-18 03:17:06,-10.1667,123.5833,82.2,58,100,11.86,overcast clouds
449,Ganzhou,CN,2022-07-18 03:17:07,28.8184,115.4327,91.09,62,100,3.31,overcast clouds
450,Praia Da Vitoria,PT,2022-07-18 03:17:07,38.7333,-27.0667,73.65,88,75,9.71,broken clouds
451,Kiama,AU,2022-07-18 03:17:07,-34.6833,150.8667,61.38,43,1,12.48,clear sky
452,Tarakan,ID,2022-07-18 03:17:08,3.3,117.6333,83.7,74,40,5.75,scattered clouds
453,Myurego,RU,2022-07-18 03:17:09,42.4109,47.693,85.6,48,0,4.27,clear sky
454,Balabac,PH,2022-07-18 03:17:09,7.9868,117.0645,82.96,75,100,4.45,moderate rain
455,Zhezkazgan,KZ,2022-07-18 03:18:10,47.8043,67.7144,78.78,44,20,6.71,smoke
456,Marzuq,YE,2022-07-18 03:18:10,14.4,46.4667,77.85,30,78,2.93,broken clouds
457,Matagami,CA,2022-07-18 03:17:33,49.7502,-77.6328,71.71,60,0,4.61,clear sky
458,Montlucon,FR,2022-07-18 03:18:11,46.3333,2.6,63.72,50,10,4.14,clear sky
459,Launceston,AU,2022-07-18 03:18:11,-41.45,147.1667,50.14,50,75,14.97,broken clouds
460,Khorinsk,RU,2022-07-18 03:18:12,52.1657,109.7726,79.25,28,8,4.81,clear sky
461,Lazaro Cardenas,MX,2022-07-18 03:18:12,17.9583,-102.2,79.14,85,90,3.4,overcast clouds
462,Zarubino,RU,2022-07-18 03:18:13,42.63,131.0922,62.55,97,100,9.95,overcast clouds
463,Hofn,IS,2022-07-18 03:16:54,64.2539,-15.2082,51.89,80,100,5.01,overcast clouds
464,Virginia Beach,US,2022-07-18 03:13:17,36.8529,-75.978,82.02,85,75,10.36,broken clouds
465,Lorengau,PG,2022-07-18 03:18:14,-2.0226,147.2712,83.93,77,100,10.58,moderate rain
466,Mantua,IT,2022-07-18 03:18:14,45.1667,10.7833,79.84,68,0,3.0,clear sky
467,Pontianak,ID,2022-07-18 03:18:14,-0.0333,109.3333,85.98,70,20,4.61,few clouds
468,Presque Isle,US,2022-07-18 03:18:15,46.6811,-68.0159,66.97,77,0,3.44,clear sky
469,Evensk,RU,2022-07-18 03:18:15,61.95,159.2333,62.37,72,100,10.29,overcast clouds
470,Sagua La Grande,CU,2022-07-18 03:18:16,22.8067,-80.0756,76.19,87,91,6.4,overcast clouds
471,Sosnovo-Ozerskoye,RU,2022-07-18 03:18:16,52.5249,111.5418,74.3,32,2,9.08,clear sky
472,Comodoro Rivadavia,AR,2022-07-18 03:18:17,-45.8667,-67.5,42.66,49,0,23.02,clear sky
473,Iqaluit,CA,2022-07-18 03:18:17,63.7506,-68.5145,38.93,93,75,0.0,broken clouds
474,Batsfjord,NO,2022-07-18 03:18:17,70.6345,29.7185,53.38,93,100,3.44,overcast clouds
475,Esperance,AU,2022-07-18 03:18:18,-33.8667,121.9,53.82,89,100,17.94,light rain
476,Arys,KZ,2022-07-18 03:18:19,42.4252,68.795,89.87,22,0,17.25,clear sky
477,Phulabani,IN,2022-07-18 03:18:19,20.4667,84.2333,79.57,80,59,5.06,broken clouds
478,El Alto,PE,2022-07-18 03:18:19,-4.2714,-81.2147,61.43,85,38,13.27,scattered clouds
479,Zhigansk,RU,2022-07-18 03:18:20,66.7697,123.3711,53.89,86,100,8.08,overcast clouds
480,Tocopilla,CL,2022-07-18 03:18:20,-22.092,-70.1979,60.24,67,4,3.78,clear sky
481,Salinas,US,2022-07-18 03:15:23,36.6777,-121.6555,72.41,69,0,10.36,clear sky
482,Tecoanapa,MX,2022-07-18 03:18:21,16.5167,-98.75,80.76,77,100,2.64,overcast clouds
483,Satinka,RU,2022-07-18 03:18:21,52.3792,41.6819,62.89,76,95,3.58,overcast clouds
484,Lodhikheda,IN,2022-07-18 03:18:22,21.5833,78.8333,80.78,82,98,9.1,overcast clouds
485,Aksu,CN,2022-07-18 03:18:22,41.1231,80.2644,83.05,25,0,3.58,clear sky
486,Fuling,CN,2022-07-18 03:18:24,29.7022,107.3919,80.91,91,100,1.83,overcast clouds
487,Pemangkat,ID,2022-07-18 03:18:24,1.1667,108.9667,84.78,59,98,4.9,overcast clouds
488,Saldanha,ZA,2022-07-18 03:18:25,-33.0117,17.9442,55.9,92,0,7.34,clear sky
489,Merauke,ID,2022-07-18 03:18:25,-8.4667,140.3333,79.68,81,72,16.2,broken clouds
490,Port Lincoln,AU,2022-07-18 03:18:26,-34.7333,135.8667,54.16,64,100,7.34,overcast clouds
491,Torbay,CA,2022-07-18 03:17:36,47.6666,-52.7314,63.39,71,40,11.5,scattered clouds
492,Kaitangata,NZ,2022-07-18 03:18:27,-46.2817,169.8464,58.26,58,78,11.77,broken clouds
493,Coahuayana,MX,2022-07-18 03:18:27,18.7333,-103.6833,77.56,93,98,2.77,overcast clouds
494,Coquimbo,CL,2022-07-18 03:18:28,-29.9533,-71.3436,51.53,76,0,5.75,clear sky
495,Guerrero Negro,MX,2022-07-18 03:18:17,27.9769,-114.0611,68.86,78,0,13.53,clear sky
496,Sembe,CG,2022-07-18 03:18:29,1.6481,14.5806,70.75,95,100,2.35,overcast clouds
497,Arcelia,MX,2022-07-18 03:18:29,18.2833,-100.2667,73.96,91,100,2.8,overcast clouds
498,Gustrow,DE,2022-07-18 03:18:30,53.7972,12.1734,57.96,94,40,5.75,scattered clouds
499,Bundaberg,AU,2022-07-18 03:18:30,-24.85,152.35,71.31,51,1,1.92,clear sky
500,Weatherford,US,2022-07-18 03:18:31,32.7593,-97.7972,95.5,34,9,11.63,clear sky
501,Banda Aceh,ID,2022-07-18 03:18:31,5.5577,95.3222,85.01,65,32,3.58,scattered clouds
502,Mayachnyy,RU,2022-07-18 03:18:32,52.6839,55.685,68.4,77,13,5.14,few clouds
503,Zaysan,KZ,2022-07-18 03:18:32,47.4667,84.8667,82.51,30,32,16.84,scattered clouds
504,Ulaanbaatar,MN,2022-07-18 03:17:51,47.9077,106.8832,80.73,24,20,13.42,few clouds
505,Goure,NE,2022-07-18 03:19:33,13.9835,10.2704,73.02,81,79,8.86,broken clouds
506,Itarema,BR,2022-07-18 03:19:33,-2.9248,-39.9167,78.1,80,7,15.08,clear sky
507,Havoysund,NO,2022-07-18 03:19:33,70.9963,24.6622,52.03,89,100,6.93,light rain
508,Te Anau,NZ,2022-07-18 03:19:34,-45.4167,167.7167,52.74,89,100,10.98,moderate rain
509,Havelock,US,2022-07-18 03:17:43,34.8791,-76.9013,82.35,86,0,5.75,clear sky
510,Juneau,US,2022-07-18 03:15:22,58.3019,-134.4197,56.21,96,100,20.71,light rain
511,Ankang,CN,2022-07-18 03:19:35,32.68,109.0172,71.08,90,100,1.81,overcast clouds
512,Yatou,CN,2022-07-18 03:19:35,37.15,122.3833,81.75,68,56,7.92,broken clouds
513,Kuna,US,2022-07-18 03:19:36,43.4918,-116.4201,94.41,28,55,4.0,broken clouds
514,Kismayo,SO,2022-07-18 03:19:36,-0.3582,42.5454,75.27,80,31,18.41,light rain
515,Homer,US,2022-07-18 03:19:37,59.6425,-151.5483,62.47,67,75,13.0,broken clouds
516,Babanka,UA,2022-07-18 03:19:37,48.7097,30.4483,51.04,94,1,8.55,clear sky
517,Berlevag,NO,2022-07-18 03:19:38,70.8578,29.0864,53.4,93,100,8.05,overcast clouds
518,Grajau,BR,2022-07-18 03:19:38,-5.8194,-46.1386,74.43,53,4,3.36,clear sky
519,Richards Bay,ZA,2022-07-18 03:19:38,-28.783,32.0377,62.65,85,0,11.07,clear sky
520,Yulara,AU,2022-07-18 03:19:39,-25.2406,130.9889,67.55,13,85,15.48,overcast clouds
521,Gongzhuling,CN,2022-07-18 03:19:39,43.5008,124.8198,75.43,78,95,5.46,overcast clouds
522,Ramban,IN,2022-07-18 03:19:40,33.25,75.25,75.61,59,46,1.61,scattered clouds
523,Bima,ID,2022-07-18 03:19:40,-8.4667,118.7167,87.33,52,64,4.56,broken clouds
524,Viedma,AR,2022-07-18 03:15:13,-40.8135,-62.9967,47.71,59,6,19.37,clear sky
525,Zhanaozen,KZ,2022-07-18 03:19:41,43.3,52.8,90.45,20,0,5.7,clear sky
526,Strezhevoy,RU,2022-07-18 03:19:41,60.7333,77.5889,64.0,61,74,7.81,broken clouds
527,Nemuro,JP,2022-07-18 03:19:42,43.3236,145.575,64.94,94,96,10.4,overcast clouds
528,Port-Gentil,GA,2022-07-18 03:19:42,-0.7193,8.7815,74.05,77,30,8.08,scattered clouds
529,Verkhniy Fiagdon,RU,2022-07-18 03:19:43,42.8333,44.3053,63.27,67,12,6.17,few clouds
530,Wajima,JP,2022-07-18 03:19:44,37.4,136.9,79.48,83,75,13.8,light intensity shower rain
531,Lasa,IT,2022-07-18 03:19:44,46.6166,10.7002,64.36,75,40,3.22,scattered clouds
532,Tombouctou,ML,2022-07-18 03:19:45,20.0,-3.0,89.4,38,100,10.98,overcast clouds
533,Gao,ML,2022-07-18 03:19:45,16.6362,1.637,81.57,54,98,13.53,light rain
534,Bouca,CF,2022-07-18 03:19:45,6.5105,18.2733,69.44,99,100,3.29,overcast clouds
535,Puerto Narino,CO,2022-07-18 03:19:46,-3.7703,-70.3831,74.37,93,91,1.1,moderate rain
536,Beroroha,MG,2022-07-18 03:19:46,-21.6667,45.1667,61.2,65,0,5.93,clear sky
537,Sydney,AU,2022-07-18 03:19:05,-33.8679,151.2073,61.32,45,0,19.57,clear sky
538,Akim Swedru,GH,2022-07-18 03:19:47,5.8938,-1.0164,68.2,96,53,1.86,broken clouds
539,Ojinaga,MX,2022-07-18 03:19:47,29.5667,-104.4167,96.42,29,0,13.8,clear sky
540,Shunyi,CN,2022-07-18 03:19:48,40.125,116.6453,91.35,35,0,2.24,clear sky
541,Maun,BW,2022-07-18 03:19:48,-19.9833,23.4167,46.74,75,0,6.06,clear sky
542,Vila,PT,2022-07-18 03:19:49,42.0304,-8.1588,58.69,83,40,2.91,scattered clouds
543,Makubetsu,JP,2022-07-18 03:19:50,45.3714,141.8211,67.71,73,75,23.02,broken clouds
544,Omboue,GA,2022-07-18 03:19:50,-1.5746,9.2618,69.82,90,12,4.97,few clouds
545,Flagstaff,US,2022-07-18 03:19:50,35.1981,-111.6513,74.05,48,20,0.0,few clouds
546,Magan,ES,2022-07-18 03:19:51,39.9683,-3.931,82.92,32,0,8.14,clear sky
547,Vila Franca Do Campo,PT,2022-07-18 03:19:51,37.7167,-25.4333,74.19,88,70,4.5,broken clouds
548,Obo,CF,2022-07-18 03:19:52,5.3998,26.4869,67.37,99,100,3.31,light rain
549,San Francisco,US,2022-07-18 03:16:46,37.7749,-122.4194,73.98,83,20,15.01,few clouds
550,Namatanai,PG,2022-07-18 03:19:53,-3.6667,152.4333,84.31,70,55,10.56,light rain
551,Vitim,RU,2022-07-18 03:19:53,59.4511,112.5578,72.28,46,99,7.07,overcast clouds
552,Kadaya,RU,2022-07-18 03:20:55,50.9327,119.2911,73.33,69,97,3.8,overcast clouds
553,Tanout,NE,2022-07-18 03:20:55,14.9709,8.8879,75.78,75,29,7.58,scattered clouds
554,Sorong,ID,2022-07-18 03:20:55,-0.8833,131.25,82.94,71,65,6.42,broken clouds
555,Auki,SB,2022-07-18 03:20:56,-8.7676,160.7034,86.7,55,6,4.41,clear sky
556,Slave Lake,CA,2022-07-18 03:20:56,55.2834,-114.769,73.38,56,0,9.22,clear sky
557,Ambovombe,MG,2022-07-18 03:20:57,-25.1667,46.0833,65.08,81,0,15.35,clear sky
558,Mutoko,ZW,2022-07-18 03:20:57,-17.397,32.2268,46.89,87,12,4.05,few clouds
559,Kavaratti,IN,2022-07-18 03:20:58,10.5669,72.642,81.99,78,100,17.54,overcast clouds
560,Cavarzere,IT,2022-07-18 03:20:58,45.1356,12.0817,74.05,63,0,6.98,clear sky
561,Kortkeros,RU,2022-07-18 03:20:58,61.8106,51.5806,64.4,57,44,1.7,scattered clouds
562,Kuybysheve,UA,2022-07-18 03:20:59,47.358,36.6491,55.9,85,28,10.13,scattered clouds
563,Abnub,EG,2022-07-18 03:20:59,27.2696,31.1511,78.57,41,4,6.49,clear sky
